country,standardize,max,min,panel
AFGHANISTAN,Afghanistan,,2015,Afghanistan
Afghanistan,Afghanistan,,2015,Afghanistan
albania,Albania,,2015,Albania
ALBANIA,Albania,,2015,Albania
Albania,Albania,,2015,Albania
ALGERIA,Algeria,,2015,Algeria
algeria,Algeria,,2015,Algeria
Algeria,Algeria,,2015,Algeria
AMERICAN SAMOA,American Samoa,,2015,American Samoa
American Samoa,American Samoa,,2015,American Samoa
ANDORRA,Andorra,,2015,Andorra
Andorra,Andorra,,2015,Andorra
ANGOLA,Angola,,2015,Angola
Angola,Angola,,2015,Angola
ANGUILLA,Anguilla,,2015,Anguilla
Anguilla,Anguilla,,2015,Anguilla
Antiguaandbarbuda,Antigua & Barbuda,,2015,Antigua & Barbuda
Antigua,Antigua & Barbuda,,2015,Antigua & Barbuda
Antigua And Barbuda,Antigua & Barbuda,,2015,Antigua & Barbuda
ANTAlgeriaIGUA AND BARBUDA,Antigua & Barbuda,,2015,Antigua & Barbuda
Antigua & Barbuda,Antigua & Barbuda,,2015,Antigua & Barbuda
Netherlandsantillesandaruba,Antilles,,2015,Antilles
Netherlands Antilles,Antilles,,2015,Antilles
NETHERLANDS ANTILLES,Antilles,,2015,Antilles
Antilles,Antilles,,2015,Antilles
Antilles,Antilles,,2015,Antilles
ARGENTINA,Argentina,,2015,Argentina
argentina,Argentina,,2015,Argentina
Argentina,Argentina,,2015,Argentina
ARMENIA,Armenia,,2015,Armenia
armenia,Armenia,,2015,Armenia
Armenia,Armenia,,2015,Armenia
ARUBA,Aruba,,2015,Aruba
Aruba,Aruba,,2015,Aruba
AUSTRALIA,Australia,,2015,Australia
Australia,Australia,,2015,Australia
AUSTRIA,Austria,,2015,Austria
Austria,Austria,,2015,Austria
AZERBAIJAN,Azerbaijan,,2015,Azerbaijan
Azerbaijan,Azerbaijan,,2015,Azerbaijan
The Bahamas,Bahamas,,2015,Bahamas
"Bahamas, The",Bahamas,,2015,Bahamas
"Bahamas, the",Bahamas,,2015,Bahamas
BAHAMAS,Bahamas,,2015,Bahamas
Bahamas,Bahamas,,2015,Bahamas
BAHRAIN,Bahrain,,2015,Bahrain
Bahrain,Bahrain,,2015,Bahrain
Bgd,Bangladesh,,2015,Bangladesh
BGD,Bangladesh,,2015,Bangladesh
BANGLADESH,Bangladesh,,2015,Bangladesh
bangladesh,Bangladesh,,2015,Bangladesh
Bangladesh,Bangladesh,,2015,Bangladesh
BARBADOS,Barbados,,2015,Barbados
Barbados,Barbados,,2015,Barbados
Belarus,Belarus (Byelorussia),,2015,Belarus (Byelorussia)
BELARUS,Belarus (Byelorussia),,2015,Belarus (Byelorussia)
Belarus (Byelorussia),Belarus (Byelorussia),,2015,Belarus (Byelorussia)
BELGIUM,Belgium,,2015,Belgium
Belgium,Belgium,,2015,Belgium
BELIZE,Belize,,2015,Belize
belize,Belize,,2015,Belize
Belize,Belize,,2015,Belize
BENIN,Benin,,2015,Benin
benin,Benin,,2015,Benin
Benin,Benin,,2015,Benin
BERMUDA,Bermuda,,2015,Bermuda
Bermuda,Bermuda,,2015,Bermuda
Btn,Bhutan,,2015,Bhutan
BTN,Bhutan,,2015,Bhutan
BHUTAN,Bhutan,,2015,Bhutan
Bhutan,Bhutan,,2015,Bhutan
BOLIVIA,Bolivia,,2015,Bolivia
bolivia,Bolivia,,2015,Bolivia
Bolivia,Bolivia,,2015,Bolivia
Bosnia-Herz,Bosnia-Herzegovina,,2015,Bosnia-Herzegovina
BOSNIA-HERZEGOVINA,Bosnia-Herzegovina,,2015,Bosnia-Herzegovina
Bosnia-Herzegovina,Bosnia-Herzegovina,,2015,Bosnia-Herzegovina
BosniaHerzegovina,Bosnia-Herzegovina,,2015,Bosnia-Herzegovina
Bosniaandherzegovina,Bosnia-Herzegovina,,2015,Bosnia-Herzegovina
Bosnia,Bosnia-Herzegovina,,2015,Bosnia-Herzegovina
Bosnia Herzegovina,Bosnia-Herzegovina,,2015,Bosnia-Herzegovina
Bosnia Herzegovina,Bosnia-Herzegovina,,2015,Bosnia-Herzegovina
Bosnia Herzegovenia,Bosnia-Herzegovina,,2015,Bosnia-Herzegovina
Bosnia And Herzegovina,Bosnia-Herzegovina,,2015,Bosnia-Herzegovina
Bosnia and Herzegovina,Bosnia-Herzegovina,,2015,Bosnia-Herzegovina
BOSNIA AND HERZEGOVINA,Bosnia-Herzegovina,,2015,Bosnia-Herzegovina
BOSNIA AND HERZEGOVINA,Bosnia-Herzegovina,,2015,Bosnia-Herzegovina
Bosnia & Herzegovina,Bosnia-Herzegovina,,2015,Bosnia-Herzegovina
Bosnia & Herzegovina,Bosnia-Herzegovina,,2015,Bosnia-Herzegovina
Bosnia & Herzegovina,Bosnia-Herzegovina,,2015,Bosnia-Herzegovina
Bosnia-Herzegovina,Bosnia-Herzegovina,,2015,Bosnia-Herzegovina
BOTSWANA,Botswana,,2015,Botswana
BOTSWANA,Botswana,,2015,Botswana
botswana,Botswana,,2015,Botswana
Botswana,Botswana,,2015,Botswana
BRAZIL,Brazil,,2015,Brazil
brazil,Brazil,,2015,Brazil
Brazil,Brazil,,2015,Brazil
BRITISH VIRGIN ISLANDS,British Virgin Islands,,2015,British Virgin Islands
British Virgin Islands,British Virgin Islands,,2015,British Virgin Islands
BRUNEI,Brunei,,2015,Brunei
Brunei Darussalam,Brunei,,2015,Brunei
BRUNEI DARUSSALAM,Brunei,,2015,Brunei
Brunei Darus,Brunei,,2015,Brunei
Brunei,Brunei,,2015,Brunei
BULGARIA,Bulgaria,,2015,Bulgaria
bulgaria,Bulgaria,,2015,Bulgaria
Bulgaria,Bulgaria,,2015,Bulgaria
Upper Volta,Burkina Faso (Upper Volta),,2015,Burkina Faso (Upper Volta)
Burkina-Faso,Burkina Faso (Upper Volta),,2015,Burkina Faso (Upper Volta)
Burkinafaso,Burkina Faso (Upper Volta),,2015,Burkina Faso (Upper Volta)
BurkinaFaso,Burkina Faso (Upper Volta),,2015,Burkina Faso (Upper Volta)
BURKINA FASO,Burkina Faso (Upper Volta),,2015,Burkina Faso (Upper Volta)
Burkina Faso,Burkina Faso (Upper Volta),,2015,Burkina Faso (Upper Volta)
Birkina Faso,Burkina Faso (Upper Volta),,2015,Burkina Faso (Upper Volta)
Burkina Faso (Upper Volta),Burkina Faso (Upper Volta),,2015,Burkina Faso (Upper Volta)
BURUNDI,Burundi,,2015,Burundi
burundi,Burundi,,2015,Burundi
Burundi,Burundi,,2015,Burundi
Kampochea,Cambodia (Kampuchea),,2015,Cambodia (Kampuchea)
Cambodia,Cambodia (Kampuchea),,2015,Cambodia (Kampuchea)
CAMBODIA,Cambodia (Kampuchea),,2015,Cambodia (Kampuchea)
cambodia,Cambodia (Kampuchea),,2015,Cambodia (Kampuchea)
Cambodia (Kampuchea),Cambodia (Kampuchea),,2015,Cambodia (Kampuchea)
Cameroun,Cameroon,,2015,Cameroon
CAMEROON,Cameroon,,2015,Cameroon
cameroon,Cameroon,,2015,Cameroon
Cameroon,Cameroon,,2015,Cameroon
CANADA,Canada,,2015,Canada
Canada,Canada,,2015,Canada
C. Verde Is.,Cape Verde,,2015,Cape Verde
Cape-Verde,Cape Verde,,2015,Cape Verde
Capeverde,Cape Verde,,2015,Cape Verde
CAPE VERDE,Cape Verde,,2015,Cape Verde
CAPE VERDE IS.,Cape Verde,,2015,Cape Verde
Cape Verde Is.,Cape Verde,,2015,Cape Verde
Cape Verde,Cape Verde,,2015,Cape Verde
Cent. Af. Rep.,Central African Republic,,2015,Central African Republic
Centralafricanrepublic,Central African Republic,,2015,Central African Republic
CENTRAL AFRICAN REPUBLIC,Central African Republic,,2015,Central African Republic
Central African Rep.,Central African Republic,,2015,Central African Republic
CENTRAL AFRICAN REP.,Central African Republic,,2015,Central African Republic
Central African Rep,Central African Republic,,2015,Central African Republic
CENTRAL AFR.R.,Central African Republic,,2015,Central African Republic
Central Afr.R.,Central African Republic,,2015,Central African Republic
Central African Republic,Central African Republic,,2015,Central African Republic
Rep. Chad,Chad,,2015,Chad
CHAD,Chad,,2015,Chad
chad,Chad,,2015,Chad
Chad,Chad,,2015,Chad
CHILE,Chile,,2015,Chile
chile,Chile,,2015,Chile
Chile,Chile,,2015,Chile
Prc,China,,2015,China
People'S Republic Of China,China,,2015,China
Chn,China,,2015,China
CHN,China,,2015,China
"China, People'S Republic Of",China,,2015,China
CHINA,China,,2015,China
china,China,,2015,China
China,China,,2015,China
Columbia,Colombia,,2015,Colombia
COLOMBIA,Colombia,,2015,Colombia
Colombia,Colombia,,2015,Colombia
Comoro Is.,Comoros,,2015,Comoros
COMOROS,Comoros,,2015,Comoros
Comoros,Comoros,,2015,Comoros
Republic Of The Congo,Congo,,2015,Congo
Congo-Brazzaville,Congo,,2015,Congo
Congo/ Rep.,Congo,,2015,Congo
Congo/ Rep.,Congo,,2015,Congo
"Congo, Republic Of",Congo,,2015,Congo
"Congo, Republic of",Congo,,2015,Congo
"Congo, Republic of the",Congo,,2015,Congo
"Congo, Republic Of The",Congo,,2015,Congo
"Congo, Rep.(Brazzaville)",Congo,,2015,Congo
"Congo, Rep.",Congo,,2015,Congo
"Congo, Rep.",Congo,,2015,Congo
"CONGO, REP.",Congo,,2015,Congo
"Congo, Rep.",Congo,,2015,Congo
"CONGO, REP.                                                                ",Congo,,2015,Congo
"Congo, Rep.                                                                ",Congo,,2015,Congo
CONGO,Congo,,2015,Congo
Congo Brazzaville,Congo,,2015,Congo
Congo (Brazzaville),Congo,,2015,Congo
Congo (Brazz),Congo,,2015,Congo
Congo,Congo,,2015,Congo
Congo (Drc),"Congo, Democratic Republic of (Zaire)",,2015,"Congo, Democratic Republic of (Zaire)"
Zaire,"Congo, Democratic Republic of (Zaire)",,2015,"Congo, Democratic Republic of (Zaire)"
ZAIRE,"Congo, Democratic Republic of (Zaire)",,2015,"Congo, Democratic Republic of (Zaire)"
Zaire,"Congo, Democratic Republic of (Zaire)",,2015,"Congo, Democratic Republic of (Zaire)"
Democratic Republic Of The Congo,"Congo, Democratic Republic of (Zaire)",,2015,"Congo, Democratic Republic of (Zaire)"
Democratic Republic of the Congo,"Congo, Democratic Republic of (Zaire)",,2015,"Congo, Democratic Republic of (Zaire)"
Democratic Republic Of Congo,"Congo, Democratic Republic of (Zaire)",,2015,"Congo, Democratic Republic of (Zaire)"
Democratic Republic Of Congo (Zaire),"Congo, Democratic Republic of (Zaire)",,2015,"Congo, Democratic Republic of (Zaire)"
Congo-Kinshasa,"Congo, Democratic Republic of (Zaire)",,2015,"Congo, Democratic Republic of (Zaire)"
Congo/ Dem. Rep.,"Congo, Democratic Republic of (Zaire)",,2015,"Congo, Democratic Republic of (Zaire)"
Congo/ Dem. Rep.,"Congo, Democratic Republic of (Zaire)",,2015,"Congo, Democratic Republic of (Zaire)"
"Congo, Dr.                                                            ","Congo, Democratic Republic of (Zaire)",,2015,"Congo, Democratic Republic of (Zaire)"
"Congo, DR","Congo, Democratic Republic of (Zaire)",,2015,"Congo, Democratic Republic of (Zaire)"
"Congo, Dr","Congo, Democratic Republic of (Zaire)",,2015,"Congo, Democratic Republic of (Zaire)"
"Congo, Democratic Republic","Congo, Democratic Republic of (Zaire)",,2015,"Congo, Democratic Republic of (Zaire)"
"Congo, Democratic Republic Of","Congo, Democratic Republic of (Zaire)",,2015,"Congo, Democratic Republic of (Zaire)"
"Congo, Democratic Republic of","Congo, Democratic Republic of (Zaire)",,2015,"Congo, Democratic Republic of (Zaire)"
"Congo, Democratic Republic Of / Zaire","Congo, Democratic Republic of (Zaire)",,2015,"Congo, Democratic Republic of (Zaire)"
"Congo, Democratic Republic of / Zaire","Congo, Democratic Republic of (Zaire)",,2015,"Congo, Democratic Republic of (Zaire)"
"Congo, Democratic Republic Of (Zaire)","Congo, Democratic Republic of (Zaire)",,2015,"Congo, Democratic Republic of (Zaire)"
"Congo, Democratic Rep.","Congo, Democratic Republic of (Zaire)",,2015,"Congo, Democratic Republic of (Zaire)"
"Congo, Dem.Rep.","Congo, Democratic Republic of (Zaire)",,2015,"Congo, Democratic Republic of (Zaire)"
"CONGO, DEM.REP.","Congo, Democratic Republic of (Zaire)",,2015,"Congo, Democratic Republic of (Zaire)"
"CONGO, DEM.REP.                                                            ","Congo, Democratic Republic of (Zaire)",,2015,"Congo, Democratic Republic of (Zaire)"
"Congo, Dem.Rep.                                                            ","Congo, Democratic Republic of (Zaire)",,2015,"Congo, Democratic Republic of (Zaire)"
"Congo, Dem. Rep.","Congo, Democratic Republic of (Zaire)",,2015,"Congo, Democratic Republic of (Zaire)"
"Congo, Dem. Rep.","Congo, Democratic Republic of (Zaire)",,2015,"Congo, Democratic Republic of (Zaire)"
"Congo, Dem. Rep.","Congo, Democratic Republic of (Zaire)",,2015,"Congo, Democratic Republic of (Zaire)"
"Congo, Dem. Rep. (Zaire, Kinshasa)","Congo, Democratic Republic of (Zaire)",,2015,"Congo, Democratic Republic of (Zaire)"
"Congo, Dem Rep","Congo, Democratic Republic of (Zaire)",,2015,"Congo, Democratic Republic of (Zaire)"
Congo Kinshasa,"Congo, Democratic Republic of (Zaire)",,2015,"Congo, Democratic Republic of (Zaire)"
Congo (Kinshasa),"Congo, Democratic Republic of (Zaire)",,2015,"Congo, Democratic Republic of (Zaire)"
Congo (DRC),"Congo, Democratic Republic of (Zaire)",,2015,"Congo, Democratic Republic of (Zaire)"
Congo (Democratic Republic Of The),"Congo, Democratic Republic of (Zaire)",,2015,"Congo, Democratic Republic of (Zaire)"
"Congo, Democratic Republic of (Zaire)","Congo, Democratic Republic of (Zaire)",,2015,"Congo, Democratic Republic of (Zaire)"
Costarica,Costa Rica,,2015,Costa Rica
COSTA RICA,Costa Rica,,2015,Costa Rica
Costa Rica,Costa Rica,,2015,Costa Rica
Ivory Coast,Cote D'Ivoire,,2015,Cote D'Ivoire
IVORY COAST,Cote D'Ivoire,,2015,Cote D'Ivoire
Ivory Coast,Cote D'Ivoire,,2015,Cote D'Ivoire
C™Te D'Ivoire,Cote D'Ivoire,,2015,Cote D'Ivoire
Ctte D'Ivoire,Cote D'Ivoire,,2015,Cote D'Ivoire
Cote-D'Ivoire,Cote D'Ivoire,,2015,Cote D'Ivoire
Cotedivoire,Cote D'Ivoire,,2015,Cote D'Ivoire
Cote D'Ivore,Cote D'Ivoire,,2015,Cote D'Ivoire
Côte D'Ivoire,Cote D'Ivoire,,2015,Cote D'Ivoire
CôTe D'Ivoire,Cote D'Ivoire,,2015,Cote D'Ivoire
Cote D'Ivoire,Cote D'Ivoire,,2015,Cote D'Ivoire
Cote D'Ivoire,Cote D'Ivoire,,2015,Cote D'Ivoire
COTE D'IVOIRE,Cote D'Ivoire,,2015,Cote D'Ivoire
Cote D'Ivoire,Cote d'Ivoire,,2015,Cote d'Ivoire
Cote d'Ivoire,Cote D'Ivoire,,2015,Cote D'Ivoire
Côte d’Ivoire,Cote D'Ivoire,,2015,Cote D'Ivoire
Cote D’Ivoire,Cote D'Ivoire,,2015,Cote D'Ivoire
Cote d´Ivoire,Cote D'Ivoire,,2015,Cote D'Ivoire
Cote d`Ivoire,Cote D'Ivoire,,2015,Cote D'Ivoire
C̫te D'Ivoire,Cote D'Ivoire,,2015,Cote D'Ivoire
C+te D?Ivoire,Cote D'Ivoire,,2015,Cote D'Ivoire
C+TE D?IVOIRE,Cote D'Ivoire,,2015,Cote D'Ivoire
C(te d'Ivoire,Cote D'Ivoire,,2015,Cote D'Ivoire
C(te d'Ivoire,Cote D'Ivoire,,2015,Cote D'Ivoire
C(te D?ivoire,Cote D'Ivoire,,2015,Cote D'Ivoire
c(te d?ivoire,Cote D'Ivoire,,2015,Cote D'Ivoire
Cote D'Ivoire,Cote D'Ivoire,,2015,Cote D'Ivoire
CROATIA,Croatia,,2015,Croatia
croatia,Croatia,,2015,Croatia
Croatia,Croatia,,2015,Croatia
CUBA,Cuba,,2015,Cuba
Cuba,Cuba,,2015,Cuba
Turkish Republic of Northern Cyprus,Turkish Republic of Northern Cyprus,,2015,Turkish Republic of Northern Cyprus
Turk Cyprus,Turkish Republic of Northern Cyprus,,2015,Turkish Republic of Northern Cyprus
CYPRUS,Cyprus,,2015,Cyprus
Cyprus,Cyprus,,2015,Cyprus
Czechrepublic,Czech Republic,,2015,Czech Republic
CZECH REPUBLIC,Czech Republic,,2015,Czech Republic
Czech Rep.,Czech Republic,,2015,Czech Republic
Czech Rep,Czech Republic,,2015,Czech Republic
Czech Republic,Czech Republic,,2015,Czech Republic
CZECHOSLOVAKIA,Czechoslovakia,,2015,Czechoslovakia
Czechoslovakia (Former),Czechoslovakia,,2015,Czechoslovakia
Csfr (Czechoslovakia),Czechoslovakia,,2015,Czechoslovakia
CSFR (CZECHOSLOVAKIA),Czechoslovakia,,2015,Czechoslovakia
Czechoslovakia,Czechoslovakia,,2015,Czechoslovakia
CZECHOSLOVAKIA,Czech Republic,1992,2015,Czech Republic
Czechoslovakia (Former),Czech Republic,1992,2015,Czech Republic
Csfr (Czechoslovakia),Czech Republic,1992,2015,Czech Republic
CSFR (CZECHOSLOVAKIA),Czech Republic,1992,2015,Czech Republic
Czechoslovakia,Czech Republic,1992,2015,Czech Republic
DENMARK,Denmark,,2015,Denmark
Denmark,Denmark,,2015,Denmark
Dijbouti,Djibouti,,2015,Djibouti
Djibouti,Djibouti,,2015,Djibouti
DOMINICA,Dominica,,2015,Dominica
Dominica,Dominica,,2015,Dominica
Dom. Rep.,Dominican Republic,,2015,Dominican Republic
Dominicanrep,Dominican Republic,,2015,Dominican Republic
DOMINICAN REPUBLIC,Dominican Republic,,2015,Dominican Republic
dominican republic,Dominican Republic,,2015,Dominican Republic
Dominican Rep.,Dominican Republic,,2015,Dominican Republic
DOMINICAN REP.,Dominican Republic,,2015,Dominican Republic
Dominican Rep,Dominican Republic,,2015,Dominican Republic
Dominican Republic,Dominican Republic,,2015,Dominican Republic
Timor-Leste,East Timor,,2015,East Timor
Timore-Leste,East Timor,,2015,East Timor
Timor Leste,East Timor,,2015,East Timor
TIMOR,East Timor,,2015,East Timor
EAST TIMOR,East Timor,,2015,East Timor
East Timor LESTE,East Timor,,2015,East Timor
East Timor Leste,East Timor,,2015,East Timor
East Timor,East Timor,,2015,East Timor
ECUADOR,Ecuador,,2015,Ecuador
ecuador,Ecuador,,2015,Ecuador
Ecuador,Ecuador,,2015,Ecuador
"Egypt, Arab Republic Of",Egypt,,2015,Egypt
"Egypt, Arab Rep.",Egypt,,2015,Egypt
"Egypt, Arab Rep.",Egypt,,2015,Egypt
EGYPT,Egypt,,2015,Egypt
egypt,Egypt,,2015,Egypt
Egypt Arab Republic Of,Egypt,,2015,Egypt
Egypt Arab Republic of,Egypt,,2015,Egypt
Arab Republic Of Egypt,Egypt,,2015,Egypt
Arab Republic of Egypt,Egypt,,2015,Egypt
Egypt,Egypt,,2015,Egypt
Elsalvador,El Salvador,,2015,El Salvador
EL SALVADOR,El Salvador,,2015,El Salvador
el salvador,El Salvador,,2015,El Salvador
El Salvador,El Salvador,,2015,El Salvador
Eq. Guinea,Equatorial Guinea,,2015,Equatorial Guinea
Equitorial Guinea,Equatorial Guinea,,2015,Equatorial Guinea
EQUATORIAL GUINEA,Equatorial Guinea,,2015,Equatorial Guinea
Equatorial Guinea,Equatorial Guinea,,2015,Equatorial Guinea
ERITREA,Eritrea,,2015,Eritrea
Eritrea,Eritrea,,2015,Eritrea
ESTONIA,Estonia,,2015,Estonia
Estonia,Estonia,,2015,Estonia
Ethiopia2,Ethiopia,,2015,Ethiopia
ETHIOPIA,Ethiopia,,2015,Ethiopia
Ethiopia,Ethiopia,,2015,Ethiopia
Faeroe_Is,Faeroe Islands,,2015,Faeroe Islands
FAEROE ISLANDS,Faeroe Islands,,2015,Faeroe Islands
Faeroe Islands,Faeroe Islands,,2015,Faeroe Islands
FALKLAND ISLANDS,Falkland Islands,,2015,Falkland Islands
Falkland Islands (Malvinas),Falkland Islands,,2015,Falkland Islands
Falkland Is.(Malvinas),Falkland Islands,,2015,Falkland Islands
Falkland Is(Malvinas),Falkland Islands,,2015,Falkland Islands
Falkland Islands,Falkland Islands,,2015,Falkland Islands
"MICRONESIA,FED. STATES                                                     ",Federated States of Micronesia,,2015,Federated States of Micronesia
"Micronesia,Fed. States                                                     ",Federated States of Micronesia,,2015,Federated States of Micronesia
"Micronesia, Federated States Of",Federated States of Micronesia,,2015,Federated States of Micronesia
"Micronesia, Fed. Sts.",Federated States of Micronesia,,2015,Federated States of Micronesia
"Micronesia, Fed. Sts.",Federated States of Micronesia,,2015,Federated States of Micronesia
"Micronesia, Fed. States",Federated States of Micronesia,,2015,Federated States of Micronesia
"MICRONESIA, FED. STATES",Federated States of Micronesia,,2015,Federated States of Micronesia
"Micronesia, Fed. States Of",Federated States of Micronesia,,2015,Federated States of Micronesia
"Micronesia, Fed Sts",Federated States of Micronesia,,2015,Federated States of Micronesia
"Micronesia, Fed States",Federated States of Micronesia,,2015,Federated States of Micronesia
"Micronesia, Fed States Of",Federated States of Micronesia,,2015,Federated States of Micronesia
"Micronesia, Fed Stat",Federated States of Micronesia,,2015,Federated States of Micronesia
Micronesia,Federated States of Micronesia,,2015,Federated States of Micronesia
MICRONESIA,Federated States of Micronesia,,2015,Federated States of Micronesia
Micronesia (Federated States of),Federated States of Micronesia,,2015,Federated States of Micronesia
Micronesia (Federated States Of),Federated States of Micronesia,,2015,Federated States of Micronesia
Federated States Of Micronesia,Federated States of Micronesia,,2015,Federated States of Micronesia
Federal States Of Micronesia,Federated States of Micronesia,,2015,Federated States of Micronesia
Federated States of Micronesia,Federated States of Micronesia,,2015,Federated States of Micronesia
FIJI,Fiji,,2015,Fiji
Fiji Islands,Fiji,,2015,Fiji
Fiji,Fiji,,2015,Fiji
FINLAND,Finland,,2015,Finland
Finland,Finland,,2015,Finland
FRANCE,France,,2015,France
France,France,,2015,France
"Guiana, French",French Guiana,,2015,French Guiana
FRENCH GUIANA,French Guiana,,2015,French Guiana
French Guiana,French Guiana,,2015,French Guiana
FRENCH POLYNESIA,French Polynesia,,2015,French Polynesia
French Polynesia,French Polynesia,,2015,French Polynesia
GABON,Gabon,,2015,Gabon
gabon,Gabon,,2015,Gabon
Gabon,Gabon,,2015,Gabon
The Gambia,Gambia,,2015,Gambia
The Gambia,Gambia,,2015,Gambia
"Gambia, The",Gambia,,2015,Gambia
"Gambia, The",Gambia,,2015,Gambia
"Gambia, The      ",Gambia,,2015,Gambia
GAMBIA,Gambia,,2015,Gambia
Gambia,Gambia,,2015,Gambia
GEORGIA,Georgia,,2015,Georgia
georgia,Georgia,,2015,Georgia
Georgia,Georgia,,2015,Georgia
Gdr,German Democratic Republic,,2015,German Democratic Republic
"GERMANY, EAST",German Democratic Republic,,2015,German Democratic Republic
"Germany, East",German Democratic Republic,,2015,German Democratic Republic
"Germany, E.",German Democratic Republic,,2015,German Democratic Republic
Germany East,German Democratic Republic,,2015,German Democratic Republic
Germany Dem. Rep.,German Democratic Republic,,2015,German Democratic Republic
Germany Dem Rep,German Democratic Republic,,2015,German Democratic Republic
German Dem. Rep.,German Democratic Republic,,2015,German Democratic Republic
German Dem Rep,German Democratic Republic,,2015,German Democratic Republic
GDR (Ex),German Democratic Republic,,2015,German Democratic Republic
GDR (ex),German Democratic Republic,,2015,German Democratic Republic
East Germany,German Democratic Republic,,2015,German Democratic Republic
German Democratic Republic,German Democratic Republic,,2015,German Democratic Republic
West Germany,German Federal Republic,,2015,German Federal Republic
WEST GERMANY,German Federal Republic,,2015,German Federal Republic
West Germany,German Federal Republic,,2015,German Federal Republic
Germany_Unified,German Federal Republic,,2015,German Federal Republic
"Germany, West",German Federal Republic,,2015,German Federal Republic
"GERMANY, WEST",German Federal Republic,,2015,German Federal Republic
"Germany, W.",German Federal Republic,,2015,German Federal Republic
Germany,German Federal Republic,,2015,German Federal Republic
GERMANY,German Federal Republic,,2015,German Federal Republic
Germany West,German Federal Republic,,2015,German Federal Republic
Germany Fed. Rep.,German Federal Republic,,2015,German Federal Republic
Germany Fed Rep,German Federal Republic,,2015,German Federal Republic
German Federal Republic,German Federal Republic,,2015,German Federal Republic
German Fed. Rep.,German Federal Republic,,2015,German Federal Republic
German Fed Rep,German Federal Republic,,2015,German Federal Republic
Federal Republic Of Germany,German Federal Republic,,2015,German Federal Republic
Frg/Germany,German Federal Republic,,2015,German Federal Republic
German Federal Republic,German Federal Republic,,2015,German Federal Republic
GHANA,Ghana,,2015,Ghana
ghana,Ghana,,2015,Ghana
Ghana,Ghana,,2015,Ghana
GIBRALTAR,Gibralter,,2015,Gibralter
Gibralter,Gibralter,,2015,Gibralter
GREECE,Greece,,2015,Greece
Greece,Greece,,2015,Greece
GRENADA,Grenada,,2015,Grenada
Grenada,Grenada,,2015,Grenada
GUADELOUPE,Guadeloupe,,2015,Guadeloupe
Guadeloupe,Guadeloupe,,2015,Guadeloupe
GUATEMALA,Guatemala,,2015,Guatemala
guatemala,Guatemala,,2015,Guatemala
Guatemala,Guatemala,,2015,Guatemala
GUIANA,Guiana,,2015,Guiana
Guiana,Guiana,,2015,Guiana
GUINEA,Guinea,,2015,Guinea
guinea,Guinea,,2015,Guinea
Guinea,Guinea,,2015,Guinea
GUINEA-BISSAU,Guinea-Bissau,,2015,Guinea-Bissau
Guineabissau,Guinea-Bissau,,2015,Guinea-Bissau
GuineaBissau,Guinea-Bissau,,2015,Guinea-Bissau
GUINEA-BISS,Guinea-Bissau,,2015,Guinea-Bissau
Guinea-Biss,Guinea-Bissau,,2015,Guinea-Bissau
Guinea Bissau,Guinea-Bissau,,2015,Guinea-Bissau
Guinea Bissau,Guinea-Bissau,,2015,Guinea-Bissau
Guinea-Bissau,Guinea-Bissau,,2015,Guinea-Bissau
GUYANA,Guyana,,2015,Guyana
Guyana,Guyana,,2015,Guyana
HAITI,Haiti,,2015,Haiti
Haiti,Haiti,,2015,Haiti
HONDURAS,Honduras,,2015,Honduras
honduras,Honduras,,2015,Honduras
Honduras,Honduras,,2015,Honduras
Hongkong,Hong Kong,,2015,Hong Kong
"Hong Kong, China",Hong Kong,,2015,Hong Kong
"HONG KONG, CHINA",Hong Kong,,2015,Hong Kong
"Hong Kong, China",Hong Kong,,2015,Hong Kong
"Hong Kong, China (Sar)",Hong Kong,,2015,Hong Kong
"HONG KONG, CHINA                                                           ",Hong Kong,,2015,Hong Kong
"Hong Kong, China                                                           ",Hong Kong,,2015,Hong Kong
HONG KONG,Hong Kong,,2015,Hong Kong
Hong Kong Sar,Hong Kong,,2015,Hong Kong
Hong Kong China,Hong Kong,,2015,Hong Kong
"China,P.R.:Hong Kong",Hong Kong,,2015,Hong Kong
"CHINA, HONG KONG SAR",Hong Kong,,2015,Hong Kong
Hong Kong,Hong Kong,,2015,Hong Kong
HUNGARY,Hungary,,2015,Hungary
Hungary,Hungary,,2015,Hungary
ICELAND,Iceland,,2015,Iceland
Iceland,Iceland,,2015,Iceland
Indiapre1948,India,,2015,India
Indiapost1947,India,,2015,India
INDIA,India,,2015,India
india,India,,2015,India
Ind,India,,2015,India
IND,India,,2015,India
India,India,,2015,India
INDONESIA,Indonesia,,2015,Indonesia
indonesia,Indonesia,,2015,Indonesia
IDN,Indonesia,,2015,Indonesia
Idn,Indonesia,,2015,Indonesia
Indonesia,Indonesia,,2015,Indonesia
"Iran, Islamic Republic Of",Iran (Persia),,2015,Iran (Persia)
"Iran, Islamic Rep.",Iran (Persia),,2015,Iran (Persia)
"Iran, Islamic Rep.",Iran (Persia),,2015,Iran (Persia)
"Iran, Islamic Rep",Iran (Persia),,2015,Iran (Persia)
Iran,Iran (Persia),,2015,Iran (Persia)
IRAN,Iran (Persia),,2015,Iran (Persia)
IRAN ISLAMIC REP. OF,Iran (Persia),,2015,Iran (Persia)
Iran (Islamic Republic Of),Iran (Persia),,2015,Iran (Persia)
Iran (Islamic Republic of),Iran (Persia),,2015,Iran (Persia)
Iran (Islamic Rep. Of),Iran (Persia),,2015,Iran (Persia)
Iran (Persia),Iran (Persia),,2015,Iran (Persia)
IRAQ,Iraq,,2015,Iraq
Iraq,Iraq,,2015,Iraq
IRELAND,Ireland,,2015,Ireland
Ireland,Ireland,,2015,Ireland
ISLE OF MAN,Isle of Man,,2015,Isle of Man
Isle of Man,Isle of Man,,2015,Isle of Man
ISRAEL,Israel,,2015,Israel
Israel,Israel,,2015,Israel
ITALY,Italy/Sardinia,,2015,Italy/Sardinia
Italy,Italy/Sardinia,,2015,Italy/Sardinia
Italy/Sardinia,Italy/Sardinia,,2015,Italy/Sardinia
JAMAICA,Jamaica,,2015,Jamaica
Jamaica,Jamaica,,2015,Jamaica
JAPAN,Japan,,2015,Japan
Japan,Japan,,2015,Japan
JORDAN,Jordan,,2015,Jordan
jordan,Jordan,,2015,Jordan
Jordan,Jordan,,2015,Jordan
Khazakhstan,Kazakhstan,,2015,Kazakhstan
Khazakhstan,Kazakhstan,,2015,Kazakhstan
Kazakstan,Kazakhstan,,2015,Kazakhstan
Kazakstan,Kazakhstan,,2015,Kazakhstan
KAZAKHSTAN,Kazakhstan,,2015,Kazakhstan
kazakhstan,Kazakhstan,,2015,Kazakhstan
Kazakhstan,Kazakhstan,,2015,Kazakhstan
KENYA,Kenya,,2015,Kenya
kenya,Kenya,,2015,Kenya
Kenya,Kenya,,2015,Kenya
KIRIBATI,Kiribati,,2015,Kiribati
Kiribati,Kiribati,,2015,Kiribati
Prk,"Korea, People's Republic of",,2015,"Korea, People's Republic of"
PRK,"Korea, People's Republic of",,2015,"Korea, People's Republic of"
People'S Republic Of Korea,"Korea, People's Republic of",,2015,"Korea, People's Republic of"
Northkorea,"Korea, People's Republic of",,2015,"Korea, People's Republic of"
North Korea,"Korea, People's Republic of",,2015,"Korea, People's Republic of"
NORTH KOREA,"Korea, People's Republic of",,2015,"Korea, People's Republic of"
North Korea,"Korea, People's Republic of",,2015,"Korea, People's Republic of"
"Korea, People'S Republic Of","Korea, People's Republic of",,2015,"Korea, People's Republic of"
"Korea, North","Korea, People's Republic of",,2015,"Korea, People's Republic of"
"Korea, N.","Korea, People's Republic of",,2015,"Korea, People's Republic of"
"Korea, DPR","Korea, People's Republic of",,2015,"Korea, People's Republic of"
"Korea, Dpr","Korea, People's Republic of",,2015,"Korea, People's Republic of"
"Korea, Democratic People'S Republic","Korea, People's Republic of",,2015,"Korea, People's Republic of"
"Korea, Democratic People'S Republic Of","Korea, People's Republic of",,2015,"Korea, People's Republic of"
"Korea, Democratic People's Republic of","Korea, People's Republic of",,2015,"Korea, People's Republic of"
"Korea, Democratic People'S Republic Of ","Korea, People's Republic of",,2015,"Korea, People's Republic of"
"Korea, Dem.","Korea, People's Republic of",,2015,"Korea, People's Republic of"
"KOREA, DEM.","Korea, People's Republic of",,2015,"Korea, People's Republic of"
"Korea, Dem.","Korea, People's Republic of",,2015,"Korea, People's Republic of"
"Korea, Dem. Rep.","Korea, People's Republic of",,2015,"Korea, People's Republic of"
"KOREA, DEM. REP.","Korea, People's Republic of",,2015,"Korea, People's Republic of"
"Korea, Dem. Rep.","Korea, People's Republic of",,2015,"Korea, People's Republic of"
"Korea, Dem. Rep. (N)","Korea, People's Republic of",,2015,"Korea, People's Republic of"
"KOREA, DEM.                                                                ","Korea, People's Republic of",,2015,"Korea, People's Republic of"
"Korea, Dem.                                                                ","Korea, People's Republic of",,2015,"Korea, People's Republic of"
"Korea, Dem People'S Rep","Korea, People's Republic of",,2015,"Korea, People's Republic of"
Korea North,"Korea, People's Republic of",,2015,"Korea, People's Republic of"
Korea Dpr,"Korea, People's Republic of",,2015,"Korea, People's Republic of"
Korea Dem.People's Rep.,"Korea, People's Republic of",,2015,"Korea, People's Republic of"
Korea Dem.People'S Rep.,"Korea, People's Republic of",,2015,"Korea, People's Republic of"
Korea (Democratic People'S Rep. Of),"Korea, People's Republic of",,2015,"Korea, People's Republic of"
"Korea, People's Republic of","Korea, People's Republic of",,2015,"Korea, People's Republic of"
Rok,"Korea, Republic of",,2015,"Korea, Republic of"
Southkorea,"Korea, Republic of",,2015,"Korea, Republic of"
South Korea,"Korea, Republic of",,2015,"Korea, Republic of"
SOUTH KOREA,"Korea, Republic of",,2015,"Korea, Republic of"
South Korea,"Korea, Republic of",,2015,"Korea, Republic of"
Republic Of Korea,"Korea, Republic of",,2015,"Korea, Republic of"
REPUBLIC OF KOREA,"Korea, Republic of",,2015,"Korea, Republic of"
Republic of Korea,"Korea, Republic of",,2015,"Korea, Republic of"
"Korea,Republic of","Korea, Republic of",,2015,"Korea, Republic of"
"Korea,Republic Of","Korea, Republic of",,2015,"Korea, Republic of"
"Korea, South","Korea, Republic of",,2015,"Korea, Republic of"
"Korea, S.","Korea, Republic of",,2015,"Korea, Republic of"
"Korea, Republic Of","Korea, Republic of",,2015,"Korea, Republic of"
"Korea, Republic Of","Korea, Republic of",,2015,"Korea, Republic of"
"KOREA, REPUBLIC OF","Korea, Republic of",,2015,"Korea, Republic of"
"korea, republic of","Korea, Republic of",,2015,"Korea, Republic of"
"Korea, Republic of","Korea, Republic of",,2015,"Korea, Republic of"
"Korea, Republic of","Korea, Republic of",,2015,"Korea, Republic of"
"Korea, Rep.","Korea, Republic of",,2015,"Korea, Republic of"
"KOREA, REP.","Korea, Republic of",,2015,"Korea, Republic of"
"Korea, Rep.","Korea, Republic of",,2015,"Korea, Republic of"
"Korea, Rep. (S)","Korea, Republic of",,2015,"Korea, Republic of"
"KOREA, REP.                                                                ","Korea, Republic of",,2015,"Korea, Republic of"
"Korea, Rep.                                                                ","Korea, Republic of",,2015,"Korea, Republic of"
"Korea, Rep","Korea, Republic of",,2015,"Korea, Republic of"
Korea,"Korea, Republic of",,2015,"Korea, Republic of"
Korea,"Korea, Republic of",,2015,"Korea, Republic of"
Korea South,"Korea, Republic of",,2015,"Korea, Republic of"
Korea Republic of,"Korea, Republic of",,2015,"Korea, Republic of"
Korea (Republic Of),"Korea, Republic of",,2015,"Korea, Republic of"
"Korea, Republic of","Korea, Republic of",,2015,"Korea, Republic of"
KOSOVO,Kosovo,,2015,Kosovo
Kosovo,Kosovo,,2015,Kosovo
KUWAIT,Kuwait,,2015,Kuwait
Kuwait,Kuwait,,2015,Kuwait
Kyrgyzstan,Kyrgyz Republic,,2015,Kyrgyz Republic
KYRGYZSTAN,Kyrgyz Republic,,2015,Kyrgyz Republic
Kyrgyzstan,Kyrgyz Republic,,2015,Kyrgyz Republic
Kyrgyz,Kyrgyz Republic,,2015,Kyrgyz Republic
Kyrgyz,Kyrgyz Republic,,2015,Kyrgyz Republic
KYRGYZ REPUBLIC,Kyrgyz Republic,,2015,Kyrgyz Republic
kyrgyz republic,Kyrgyz Republic,,2015,Kyrgyz Republic
Kyrgyz Rep.,Kyrgyz Republic,,2015,Kyrgyz Republic
KYRGYZ REP.,Kyrgyz Republic,,2015,Kyrgyz Republic
Kyrgyz Rep.,Kyrgyz Republic,,2015,Kyrgyz Republic
Kyrgyz Rep.,Kyrgyz Republic,,2015,Kyrgyz Republic
Kyrgyz Rep,Kyrgyz Republic,,2015,Kyrgyz Republic
Kyrghz Republic,Kyrgyz Republic,,2015,Kyrgyz Republic
Kyrghz republic,Kyrgyz Republic,,2015,Kyrgyz Republic
Kyrgyz Republic,Kyrgyz Republic,,2015,Kyrgyz Republic
LAOS,Laos,,2015,Laos
Laos Pdr,Laos,,2015,Laos
"Lao, Pdr",Laos,,2015,Laos
Lao,Laos,,2015,Laos
LAO,Laos,,2015,Laos
Lao People'S Democratic Republic,Laos,,2015,Laos
LAO PEOPLE'S DEM. REPUBLIC,Laos,,2015,Laos
Lao People'S Dem. Rep.,Laos,,2015,Laos
Lao People'S Dem Rep,Laos,,2015,Laos
Lao People´s Democratic Republic,Laos,,2015,Laos
Lao People?S Democratic Republic,Laos,,2015,Laos
LAO PEOPLE?S DEMOCRATIC REPUBLIC,Laos,,2015,Laos
Lao People?s Democratic Republic,Laos,,2015,Laos
lao people?s democratic republic,Laos,,2015,Laos
Lao Pdr,Laos,,2015,Laos
Lao PDR,Laos,,2015,Laos
Laos,Laos,,2015,Laos
LATVIA,Latvia,,2015,Latvia
Latvia,Latvia,,2015,Latvia
LEBANON,Lebanon,,2015,Lebanon
lebanon,Lebanon,,2015,Lebanon
Lebanon,Lebanon,,2015,Lebanon
LESOTHO,Lesotho,,2015,Lesotho
Lesotho,Lesotho,,2015,Lesotho
LIBERIA,Liberia,,2015,Liberia
Liberia,Liberia,,2015,Liberia
Libyan Arab Jamahiriya,Libya,,2015,Libya
Libyan Arab Jamahiriya,Libya,,2015,Libya
LIBYAN ARAB JAMAHIRIYA,Libya,,2015,Libya
LIBYA,Libya,,2015,Libya
Libya Arab Jamahiriy,Libya,,2015,Libya
Libya,Libya,,2015,Libya
LIECHTENSTEIN,Liechtenstein,,2015,Liechtenstein
Liechtenstein,Liechtenstein,,2015,Liechtenstein
LITHUANIA,Lithuania,,2015,Lithuania
lithuania,Lithuania,,2015,Lithuania
Lithuania,Lithuania,,2015,Lithuania
LUXEMBOURG,Luxembourg,,2015,Luxembourg
Luxembourg,Luxembourg,,2015,Luxembourg
Macau,Macao,,2015,Macao
"Macao, China",Macao,,2015,Macao
"Macao, China",Macao,,2015,Macao
MACAO,Macao,,2015,Macao
Macao,Macao,,2015,Macao
"China,P.R.:Macao",Macao,,2015,Macao
Macao,Macao,,2015,Macao
"Yugoslavia, Fpr",Macedonia (Former Yugoslav Republic of),,2015,Macedonia (Former Yugoslav Republic of)
The Former Yugoslav Republic Of Macedonia,Macedonia (Former Yugoslav Republic of),,2015,Macedonia (Former Yugoslav Republic of)
The Former Yugoslav Republic of Macedonia,Macedonia (Former Yugoslav Republic of),,2015,Macedonia (Former Yugoslav Republic of)
The fmr Yug Rep Macedonia,Macedonia (Former Yugoslav Republic of),,2015,Macedonia (Former Yugoslav Republic of)
The Fmr Yug Rep Macedonia,Macedonia (Former Yugoslav Republic of),,2015,Macedonia (Former Yugoslav Republic of)
"Macedonia, The Fmr Yug Rp",Macedonia (Former Yugoslav Republic of),,2015,Macedonia (Former Yugoslav Republic of)
"Macedonia, Fyr",Macedonia (Former Yugoslav Republic of),,2015,Macedonia (Former Yugoslav Republic of)
"MACEDONIA, FYR",Macedonia (Former Yugoslav Republic of),,2015,Macedonia (Former Yugoslav Republic of)
"Macedonia, FYR",Macedonia (Former Yugoslav Republic of),,2015,Macedonia (Former Yugoslav Republic of)
"Macedonia, Former Yugoslav Republic Of",Macedonia (Former Yugoslav Republic of),,2015,Macedonia (Former Yugoslav Republic of)
Macedonia,Macedonia (Former Yugoslav Republic of),,2015,Macedonia (Former Yugoslav Republic of)
MACEDONIA,Macedonia (Former Yugoslav Republic of),,2015,Macedonia (Former Yugoslav Republic of)
MACEDONIA,Macedonia (Former Yugoslav Republic of),,2015,Macedonia (Former Yugoslav Republic of)
macedonia,Macedonia (Former Yugoslav Republic of),,2015,Macedonia (Former Yugoslav Republic of)
Macedonia (Former Yugoslav Republic Of),Macedonia (Former Yugoslav Republic of),,2015,Macedonia (Former Yugoslav Republic of)
Fyrom-Macedonia,Macedonia (Former Yugoslav Republic of),,2015,Macedonia (Former Yugoslav Republic of)
FYROM-MACEDONIA,Macedonia (Former Yugoslav Republic of),,2015,Macedonia (Former Yugoslav Republic of)
Fyrmacedonia,Macedonia (Former Yugoslav Republic of),,2015,Macedonia (Former Yugoslav Republic of)
Fyr Macedonia,Macedonia (Former Yugoslav Republic of),,2015,Macedonia (Former Yugoslav Republic of)
Macedonia (Former Yugoslav Republic of),Macedonia (Former Yugoslav Republic of),,2015,Macedonia (Former Yugoslav Republic of)
Madagascar,Madagascar (Malagasy),,2015,Madagascar (Malagasy)
MADAGASCAR,Madagascar (Malagasy),,2015,Madagascar (Malagasy)
madagascar,Madagascar (Malagasy),,2015,Madagascar (Malagasy)
Madagascar (Malagasy),Madagascar (Malagasy),,2015,Madagascar (Malagasy)
MALAWI,Malawi,,2015,Malawi
malawi,Malawi,,2015,Malawi
Malawi,Malawi,,2015,Malawi
MALAYSIA,Malaysia,,2015,Malaysia
malaysia,Malaysia,,2015,Malaysia
Malaysia,Malaysia,,2015,Malaysia
MALDIVES,Maldives,,2015,Maldives
Maldive Islands,Maldives,,2015,Maldives
Maldives,Maldives,,2015,Maldives
MALI,Mali,,2015,Mali
mali,Mali,,2015,Mali
Mali,Mali,,2015,Mali
MALTA,Malta,,2015,Malta
Malta,Malta,,2015,Malta
MARSHALL ISLANDS,Marshall Islands,,2015,Marshall Islands
Marshall Islands,Marshall Islands,,2015,Marshall Islands
MARTINIQUE,Martinique,,2015,Martinique
Martinique,Martinique,,2015,Martinique
Mauritiana,Mauritania,,2015,Mauritania
mauritania,Mauritania,,2015,Mauritania
MAURITANIA,Mauritania,,2015,Mauritania
Mauritania,Mauritania,,2015,Mauritania
Mauritus,Mauritius,,2015,Mauritius
Maurituis,Mauritius,,2015,Mauritius
MAURITIUS,Mauritius,,2015,Mauritius
Mauritius,Mauritius,,2015,Mauritius
MAYOTTE,Mayotte,,2015,Mayotte
Mayotte,Mayotte,,2015,Mayotte
mexico,Mexico,,2015,Mexico
MEXICO,Mexico,,2015,Mexico
Mexico,Mexico,,2015,Mexico
Republic Of Moldova,Moldova,,2015,Moldova
Republic of Moldova,Moldova,,2015,Moldova
"Moldova, Republic Of",Moldova,,2015,Moldova
"Moldova, Republic of",Moldova,,2015,Moldova
"Moldova, Republic Of",Moldova,,2015,Moldova
"Moldova, Rep.",Moldova,,2015,Moldova
"Moldova, Rep",Moldova,,2015,Moldova
moldova,Moldova,,2015,Moldova
MOLDOVA,Moldova,,2015,Moldova
Moldova (Republic Of),Moldova,,2015,Moldova
Moldova,Moldova,,2015,Moldova
MONGOLIA,Mongolia,,2015,Mongolia
Mongolia,Mongolia,,2015,Mongolia
Monaco,Monaco,,2015,Monaco
Montenegro,Montenegro,,2015,Montenegro
MONTSERRAT,Montserrat,,2015,Montserrat
Montserrat,Montserrat,,2015,Montserrat
morocco,Morocco,,2015,Morocco
MOROCCO,Morocco,,2015,Morocco
Morocco,Morocco,,2015,Morocco
mozambique,Mozambique,,2015,Mozambique
MOZAMBIQUE,Mozambique,,2015,Mozambique
Mozambique,Mozambique,,2015,Mozambique
Myanmar,Myanmar (Burma),,2015,Myanmar (Burma)
MYANMAR,Myanmar (Burma),,2015,Myanmar (Burma)
Mayanmar,Myanmar (Burma),,2015,Myanmar (Burma)
Burma/Myanmar,Myanmar (Burma),,2015,Myanmar (Burma)
Burma,Myanmar (Burma),,2015,Myanmar (Burma)
Myanmar (Burma),Myanmar (Burma),,2015,Myanmar (Burma)
NAMIBIA,Namibia,,2015,Namibia
namibia,Namibia,,2015,Namibia
Namibia,Namibia,,2015,Namibia
NAURU,Nauru,,2015,Nauru
Nauru,Nauru,,2015,Nauru
NEPAL,Nepal,,2015,Nepal
Nepal,Nepal,,2015,Nepal
NETHERLANDS,Netherlands,,2015,Netherlands
Netherlands,Netherlands,,2015,Netherlands
Newcaledonia,New Caledonia,,2015,New Caledonia
NEW CALEDONIA,New Caledonia,,2015,New Caledonia
New Caledonia,New Caledonia,,2015,New Caledonia
NEW ZEALAND,New Zealand,,2015,New Zealand
New Zealand,New Zealand,,2015,New Zealand
NICARAGUA,Nicaragua,,2015,Nicaragua
nicaragua,Nicaragua,,2015,Nicaragua
Nicaragua,Nicaragua,,2015,Nicaragua
NIGER,Niger,,2015,Niger
Niger,Niger,,2015,Niger
NIGERIA,Nigeria,,2015,Nigeria
nigeria,Nigeria,,2015,Nigeria
Nigeria,Nigeria,,2015,Nigeria
NIUE,Niue,,2015,Niue
Niue,Niue,,2015,Niue
NORTHERN MARIANAS,Northern Marianas,,2015,Northern Marianas
Northern Mariana Islands,Northern Marianas,,2015,Northern Marianas
Northern Mariana Is.,Northern Marianas,,2015,Northern Marianas
Northern Mariana Is,Northern Marianas,,2015,Northern Marianas
N. Mariana Islands,Northern Marianas,,2015,Northern Marianas
N Mariana Islands,Northern Marianas,,2015,Northern Marianas
Northern Marianas,Northern Marianas,,2015,Northern Marianas
NORWAY,Norway,,2015,Norway
Norway,Norway,,2015,Norway
OMAN,Oman,,2015,Oman
oman,Oman,,2015,Oman
Oman,Oman,,2015,Oman
PAKISTAN,Pakistan,,2015,Pakistan
pakistan,Pakistan,,2015,Pakistan
Pakistan,Pakistan,,2015,Pakistan
PALAU,Palau,,2015,Palau
Palau,Palau,,2015,Palau
West Bank And Gaza,Palestine,,2015,Palestine
WEST BANK AND GAZA,Palestine,,2015,Palestine
west bank and gaza,Palestine,,2015,Palestine
West Bank and Gaza,Palestine,,2015,Palestine
Palestinian Admin. Areas,Palestine,,2015,Palestine
PALESTINIAN ADMIN. AREAS,Palestine,,2015,Palestine
Palestinian Admin Areas,Palestine,,2015,Palestine
Palestine/West Bank,Palestine,,2015,Palestine
Palestine/Gaza,Palestine,,2015,Palestine
Palestine/British Mandate,Palestine,,2015,Palestine
PALESTINE,Palestine,,2015,Palestine
Occupied Palestinian Territories,Palestine,,2015,Palestine
Gaza/West Bank,Palestine,,2015,Palestine
Gaza/West Bank,Palestine,,2015,Palestine
Gaza Strip,Palestine,,2015,Palestine
Gaza Strip (Palestine),Palestine,,2015,Palestine
Palestine,Palestine,,2015,Palestine
PANAMA,Panama,,2015,Panama
panama,Panama,,2015,Panama
Panama,Panama,,2015,Panama
P. N. Guinea,Papua New Guinea,,2015,Papua New Guinea
Png,Papua New Guinea,,2015,Papua New Guinea
PAPUA NEW GUINEA,Papua New Guinea,,2015,Papua New Guinea
PAPUA N.GUINEA,Papua New Guinea,,2015,Papua New Guinea
Papua N.Guinea,Papua New Guinea,,2015,Papua New Guinea
Papau New Guinea,Papua New Guinea,,2015,Papua New Guinea
Papau New Guinea,Papua New Guinea,,2015,Papua New Guinea
Papua New Guinea,Papua New Guinea,,2015,Papua New Guinea
PARAGUAY,Paraguay,,2015,Paraguay
Paraguay,Paraguay,,2015,Paraguay
PERU,Peru,,2015,Peru
peru,Peru,,2015,Peru
Peru,Peru,,2015,Peru
PHILIPPINES,Philippines,,2015,Philippines
philippines,Philippines,,2015,Philippines
Philippines,Philippines,,2015,Philippines
POLAND,Poland,,2015,Poland
poland,Poland,,2015,Poland
Poland,Poland,,2015,Poland
PORTUGAL,Portugal,,2015,Portugal
Portugal,Portugal,,2015,Portugal
Puertorico,Puerto Rico,,2015,Puerto Rico
PUERTO RICO,Puerto Rico,,2015,Puerto Rico
Puerto Rico,Puerto Rico,,2015,Puerto Rico
QATAR,Qatar,,2015,Qatar
Qatar,Qatar,,2015,Qatar
RŽUnion,Reunion,,2015,Reunion
RéUnion,Reunion,,2015,Reunion
R̩Union,Reunion,,2015,Reunion
Réunion,Reunion,,2015,Reunion
REUNION,Reunion,,2015,Reunion
Reunion,Reunion,,2015,Reunion
Romania,Rumania,,2015,Rumania
ROMANIA,Rumania,,2015,Rumania
romania,Rumania,,2015,Rumania
Rumania,Rumania,,2015,Rumania
Ussr,Russia (Soviet Union),,2015,Russia (Soviet Union)
U.S.S.R.,Russia (Soviet Union),,2015,Russia (Soviet Union)
SOVIET UNION,Russia (Soviet Union),,2015,Russia (Soviet Union)
Soviet Union,Russia (Soviet Union),,2015,Russia (Soviet Union)
Russian Federation,Russia (Soviet Union),,2015,Russia (Soviet Union)
RUSSIAN FEDERATION,Russia (Soviet Union),,2015,Russia (Soviet Union)
Russian Federation,Russia (Soviet Union),,2015,Russia (Soviet Union)
russian federation,Russia (Soviet Union),,2015,Russia (Soviet Union)
Russian Federation,Russia (Soviet Union),,2015,Russia (Soviet Union)
Russia,Russia (Soviet Union),,2015,Russia (Soviet Union)
RUSSIA,Russia (Soviet Union),,2015,Russia (Soviet Union)
Europeanrussia,Russia (Soviet Union),,2015,Russia (Soviet Union)
Russia (Soviet Union),Russia (Soviet Union),,2015,Russia (Soviet Union)
rwanda,Rwanda,,2015,Rwanda
RWANDA,Rwanda,,2015,Rwanda
Rwanda,Rwanda,,2015,Rwanda
St. Helena,Saint Helena,,2015,Saint Helena
ST. HELENA,Saint Helena,,2015,Saint Helena
Saint Helena,Saint Helena,,2015,Saint Helena
ST.KITTS&NEVIS,Saint Kitts and Nevis,,2015,Saint Kitts and Nevis
St. Kitts-Nevis,Saint Kitts and Nevis,,2015,Saint Kitts and Nevis
ST. KITTS-NEVIS,Saint Kitts and Nevis,,2015,Saint Kitts and Nevis
St. Kitts/Nevis,Saint Kitts and Nevis,,2015,Saint Kitts and Nevis
St. Kitts/Nevis,Saint Kitts and Nevis,,2015,Saint Kitts and Nevis
St. Kitts And Nevits,Saint Kitts and Nevis,,2015,Saint Kitts and Nevis
St. Kitts And Nevis,Saint Kitts and Nevis,,2015,Saint Kitts and Nevis
ST. KITTS AND NEVIS,Saint Kitts and Nevis,,2015,Saint Kitts and Nevis
St. Kitts and Nevis,Saint Kitts and Nevis,,2015,Saint Kitts and Nevis
St. Kitts and Nevis,Saint Kitts and Nevis,,2015,Saint Kitts and Nevis
St. Kitts & Nevis,Saint Kitts and Nevis,,2015,Saint Kitts and Nevis
St. Kitts & Nevis,Saint Kitts and Nevis,,2015,Saint Kitts and Nevis
St Kitts-Nevis,Saint Kitts and Nevis,,2015,Saint Kitts and Nevis
St Kitts And Nevis,Saint Kitts and Nevis,,2015,Saint Kitts and Nevis
St Kitts & Nevis,Saint Kitts and Nevis,,2015,Saint Kitts and Nevis
Saints Kitts and Nevis,Saint Kitts and Nevis,,2015,Saint Kitts and Nevis
Saint Kitts And Nevis,Saint Kitts and Nevis,,2015,Saint Kitts and Nevis
Saint Kitts And Nevis,Saint Kitts and Nevis,,2015,Saint Kitts and Nevis
Saint Kitts and Nevis,Saint Kitts and Nevis,,2015,Saint Kitts and Nevis
Saint Kitts & Nevis,Saint Kitts and Nevis,,2015,Saint Kitts and Nevis
Saint Kitts and Nevis,Saint Kitts and Nevis,,2015,Saint Kitts and Nevis
ST.LUCIA,Saint Lucia,,2015,Saint Lucia
St. Lucia,Saint Lucia,,2015,Saint Lucia
ST. LUCIA,Saint Lucia,,2015,Saint Lucia
St. Lucia,Saint Lucia,,2015,Saint Lucia
St Lucia,Saint Lucia,,2015,Saint Lucia
Saint Lucia,Saint Lucia,,2015,Saint Lucia
Saint Lucia,Saint Lucia,,2015,Saint Lucia
St. Maurice,Saint Maurice,,2015,Saint Maurice
ST. MAURICE,Saint Maurice,,2015,Saint Maurice
St. Maurice,Saint Maurice,,2015,Saint Maurice
St Maurice,Saint Maurice,,2015,Saint Maurice
Saint Maurice,Saint Maurice,,2015,Saint Maurice
Stpierreetmiquelon,Saint Pierre and Miquelon,,2015,Saint Pierre and Miquelon
St. Pierre-Miquelon,Saint Pierre and Miquelon,,2015,Saint Pierre and Miquelon
St. Pierre Et Miquelon,Saint Pierre and Miquelon,,2015,Saint Pierre and Miquelon
St. Pierre & Miquelon,Saint Pierre and Miquelon,,2015,Saint Pierre and Miquelon
ST. PIERRE & MIQUELON,Saint Pierre and Miquelon,,2015,Saint Pierre and Miquelon
St. Pierre & Miquelon,Saint Pierre and Miquelon,,2015,Saint Pierre and Miquelon
St Pierre Et Miquelon,Saint Pierre and Miquelon,,2015,Saint Pierre and Miquelon
St Pierre & Miquelon,Saint Pierre and Miquelon,,2015,Saint Pierre and Miquelon
Saint Pierre And Miquelon,Saint Pierre and Miquelon,,2015,Saint Pierre and Miquelon
Saint Pierre & Miquelon,Saint Pierre and Miquelon,,2015,Saint Pierre and Miquelon
Saint Pierre and Miquelon,Saint Pierre and Miquelon,,2015,Saint Pierre and Miquelon
ST.VINCENT&GRE,Saint Vincent and the Grenadines,,2015,Saint Vincent and the Grenadines
St.Vincent & Grenadines,Saint Vincent and the Grenadines,,2015,Saint Vincent and the Grenadines
St. Vincent,Saint Vincent and the Grenadines,,2015,Saint Vincent and the Grenadines
St. Vincent,Saint Vincent and the Grenadines,,2015,Saint Vincent and the Grenadines
St. Vincent And The Grenadines,Saint Vincent and the Grenadines,,2015,Saint Vincent and the Grenadines
St. Vincent and the Grenadines,Saint Vincent and the Grenadines,,2015,Saint Vincent and the Grenadines
St. Vincent and the Grenadines,Saint Vincent and the Grenadines,,2015,Saint Vincent and the Grenadines
St. Vincent And Grenadines,Saint Vincent and the Grenadines,,2015,Saint Vincent and the Grenadines
St. Vincent And Gr.,Saint Vincent and the Grenadines,,2015,Saint Vincent and the Grenadines
St. Vincent And Gr.,Saint Vincent and the Grenadines,,2015,Saint Vincent and the Grenadines
ST. VINCENT AND GR.,Saint Vincent and the Grenadines,,2015,Saint Vincent and the Grenadines
St. Vincent & the Grenadines,Saint Vincent and the Grenadines,,2015,Saint Vincent and the Grenadines
St. Vincent & The Grenadines,Saint Vincent and the Grenadines,,2015,Saint Vincent and the Grenadines
St. Vincent & Grenadines,Saint Vincent and the Grenadines,,2015,Saint Vincent and the Grenadines
St. Vincent & Grenadines,Saint Vincent and the Grenadines,,2015,Saint Vincent and the Grenadines
St. Vincent & Grenadine,Saint Vincent and the Grenadines,,2015,Saint Vincent and the Grenadines
St. Vincent & Gren.,Saint Vincent and the Grenadines,,2015,Saint Vincent and the Grenadines
St Vincent And The Grenadines,Saint Vincent and the Grenadines,,2015,Saint Vincent and the Grenadines
St Vincent And Grenadines,Saint Vincent and the Grenadines,,2015,Saint Vincent and the Grenadines
St Vincent And Gr,Saint Vincent and the Grenadines,,2015,Saint Vincent and the Grenadines
St Vincent & The Grenadines,Saint Vincent and the Grenadines,,2015,Saint Vincent and the Grenadines
St Vincent & Grenadines,Saint Vincent and the Grenadines,,2015,Saint Vincent and the Grenadines
Saint Vincent/Grenadines,Saint Vincent and the Grenadines,,2015,Saint Vincent and the Grenadines
Saint Vincent And The Grenadines,Saint Vincent and the Grenadines,,2015,Saint Vincent and the Grenadines
Saint Vincent and the Grenadines,Saint Vincent and the Grenadines,,2015,Saint Vincent and the Grenadines
Saint Vincent And Grenadines,Saint Vincent and the Grenadines,,2015,Saint Vincent and the Grenadines
Saint Vincent and Grenadines,Saint Vincent and the Grenadines,,2015,Saint Vincent and the Grenadines
Saint Vincent & The Grenadines,Saint Vincent and the Grenadines,,2015,Saint Vincent and the Grenadines
Saint Vincent & Grenadines,Saint Vincent and the Grenadines,,2015,Saint Vincent and the Grenadines
Saint Vincent & Grenadines,Saint Vincent and the Grenadines,,2015,Saint Vincent and the Grenadines
Saint Vincent and the Grenadines,Saint Vincent and the Grenadines,,2015,Saint Vincent and the Grenadines
Western Samoa,Samoa/Western Samoa,,2015,Samoa/Western Samoa
WESTERN SAMOA,Samoa/Western Samoa,,2015,Samoa/Western Samoa
Samoa,Samoa/Western Samoa,,2015,Samoa/Western Samoa
SAMOA,Samoa/Western Samoa,,2015,Samoa/Western Samoa
samoa,Samoa/Western Samoa,,2015,Samoa/Western Samoa
Samoa/Western Samoa,Samoa/Western Samoa,,2015,Samoa/Western Samoa
SAN MARINO,San Marino,,2015,San Marino
San Marino,San Marino,,2015,San Marino
Sao TomŽ And Pr’Ncipe,Sao Tome and Principe,,2015,Sao Tome and Principe
Sao Tome/Principe,Sao Tome and Principe,,2015,Sao Tome and Principe
Sao Tome,Sao Tome and Principe,,2015,Sao Tome and Principe
SãO Tomé And Principe,Sao Tome and Principe,,2015,Sao Tome and Principe
São Tomé and Principe,Sao Tome and Principe,,2015,Sao Tome and Principe
Sao Tome And Principe,Sao Tome and Principe,,2015,Sao Tome and Principe
Sao Tome and Principe,Sao Tome and Principe,,2015,Sao Tome and Principe
Sao Tome and Principe,Sao Tome and Principe,,2015,Sao Tome and Principe
SAO TOME AND PRINCIPE,Sao Tome and Principe,,2015,Sao Tome and Principe
São Tomé & Príncipe,Sao Tome and Principe,,2015,Sao Tome and Principe
Sao Tome & Principe,Sao Tome and Principe,,2015,Sao Tome and Principe
SAO TOME & PRINCIPE,Sao Tome and Principe,,2015,Sao Tome and Principe
Sao Tome & Principe,Sao Tome and Principe,,2015,Sao Tome and Principe
S‹O TomŽ And Pr’Ncipe,Sao Tome and Principe,,2015,Sao Tome and Principe
S Tome  Prin.,Sao Tome and Principe,,2015,Sao Tome and Principe
 Sao Tome & Principe,Sao Tome and Principe,,2015,Sao Tome and Principe
Sao Tome and Principe,Sao Tome and Principe,,2015,Sao Tome and Principe
Saudiarabia,Saudi Arabia,,2015,Saudi Arabia
saudi arabia,Saudi Arabia,,2015,Saudi Arabia
SAUDI ARABIA,Saudi Arabia,,2015,Saudi Arabia
Saudi Arabia,Saudi Arabia,,2015,Saudi Arabia
Saudi Arabia,Saudi Arabia,,2015,Saudi Arabia
SENEGAL,Senegal,,2015,Senegal
senegal,Senegal,,2015,Senegal
Senegal,Senegal,,2015,Senegal
SEYCHELLES,Seychelles,,2015,Seychelles
Seychelles,Seychelles,,2015,Seychelles
Sierraleone,Sierra Leone,,2015,Sierra Leone
SIERRA LEONE,Sierra Leone,,2015,Sierra Leone
Sierra Leone,Sierra Leone,,2015,Sierra Leone
SINGAPORE,Singapore,,2015,Singapore
Singapore,Singapore,,2015,Singapore
SLOVAKIA,Slovakia,,2015,Slovakia
Slovak Republic,Slovakia,,2015,Slovakia
SLOVAK REPUBLIC,Slovakia,,2015,Slovakia
slovak republic,Slovakia,,2015,Slovakia
Slovakia,Slovakia,,2015,Slovakia
SLOVENIA,Slovenia,,2015,Slovenia
Slovenia,Slovenia,,2015,Slovenia
Solomon Is.,Solomon Islands,,2015,Solomon Islands
SOLOMON ISLANDS,Solomon Islands,,2015,Solomon Islands
SOLOMON IS.,Solomon Islands,,2015,Solomon Islands
Solomon Islands,Solomon Islands,,2015,Solomon Islands
Somaliland,Somaliland,,2015,Somaliland
SOMALIA,Somalia,,2015,Somalia
Somalia,Somalia,,2015,Somalia
S. Africa,South Africa,,2015,South Africa
Southafrica,South Africa,,2015,South Africa
South Africa0,South Africa,,2015,South Africa
SOUTH AFRICA,South Africa,,2015,South Africa
south africa,South Africa,,2015,South Africa
South Africa,South Africa,,2015,South Africa
SPAIN,Spain,,2015,Spain
Spain,Spain,,2015,Spain
Srilanka,Sri Lanka (Ceylon),,2015,Sri Lanka (Ceylon)
Sri Lanka,Sri Lanka (Ceylon),,2015,Sri Lanka (Ceylon)
SRI LANKA,Sri Lanka (Ceylon),,2015,Sri Lanka (Ceylon)
sri lanka,Sri Lanka (Ceylon),,2015,Sri Lanka (Ceylon)
Sri Lanka (Ceylon),Sri Lanka (Ceylon),,2015,Sri Lanka (Ceylon)
South Sudan,South Sudan,,2015,South Sudan
SUDAN,Sudan,,2015,Sudan
Sudan,Sudan,,2015,Sudan
Suriname,Surinam,,2015,Surinam
SURINAME,Surinam,,2015,Surinam
Surinam,Surinam,,2015,Surinam
SWAZILAND,Swaziland,,2015,Swaziland
swaziland,Swaziland,,2015,Swaziland
Swaziland,Swaziland,,2015,Swaziland
SWEDEN,Sweden,,2015,Sweden
Sweden,Sweden,,2015,Sweden
SWITZERLAND,Switzerland,,2015,Switzerland
Switzerland,Switzerland,,2015,Switzerland
Syrian Arab Republic,Syria,,2015,Syria
Syrian Arab Republic,Syria,,2015,Syria
Syrian Arab Republic,Syria,,2015,Syria
SYRIAN ARAB REPUBLIC,Syria,,2015,Syria
Syrian Arab Rep.,Syria,,2015,Syria
Syrian Arab Rep.,Syria,,2015,Syria
Syrian Arab Rep,Syria,,2015,Syria
SYRIA,Syria,,2015,Syria
syria,Syria,,2015,Syria
Syria,Syria,,2015,Syria
"Taiwan, China",Taiwan,,2015,Taiwan
TAIWAN,Taiwan,,2015,Taiwan
Taiwan Province Of China,Taiwan,,2015,Taiwan
Chinese Taipei,Taiwan,,2015,Taiwan
CHINESE TAIPEI,Taiwan,,2015,Taiwan
Taiwan,Taiwan,,2015,Taiwan
TAJIKISTAN,Tajikistan,,2015,Tajikistan
tajikistan,Tajikistan,,2015,Tajikistan
Tajikistan,Tajikistan,,2015,Tajikistan
United Republic Of Tanzania,Tanzania/Tanganyika,,2015,Tanzania/Tanganyika
United Republic of Tanzania,Tanzania/Tanganyika,,2015,Tanzania/Tanganyika
UNITED REPUBLIC OF TANZANIA,Tanzania/Tanganyika,,2015,Tanzania/Tanganyika
Tanzinia,Tanzania/Tanganyika,,2015,Tanzania/Tanganyika
Tanzania,Tanzania/Tanganyika,,2015,Tanzania/Tanganyika
TANZANIA,Tanzania/Tanganyika,,2015,Tanzania/Tanganyika
tanzania,Tanzania/Tanganyika,,2015,Tanzania/Tanganyika
Tanzania United Republic Of,Tanzania/Tanganyika,,2015,Tanzania/Tanganyika
Tanzania United Republic of,Tanzania/Tanganyika,,2015,Tanzania/Tanganyika
Tanzania (United Republic Of),Tanzania/Tanganyika,,2015,Tanzania/Tanganyika
Tanzania/Tanganyika,Tanzania/Tanganyika,,2015,Tanzania/Tanganyika
THAILAND,Thailand,,2015,Thailand
thailand,Thailand,,2015,Thailand
Thailand,Thailand,,2015,Thailand
TOGO,Togo,,2015,Togo
togo,Togo,,2015,Togo
Togo,Togo,,2015,Togo
TOKELAU,Tokelau,,2015,Tokelau
Tokelau Islands,Tokelau,,2015,Tokelau
Tokelau,Tokelau,,2015,Tokelau
TONGA,Tonga,,2015,Tonga
Tonga,Tonga,,2015,Tonga
Trinidad-Tobago,Trinidad and Tobago,,2015,Trinidad and Tobago
Trinidad/Tobago,Trinidad and Tobago,,2015,Trinidad and Tobago
TRINIDAD&TOBAGO,Trinidad and Tobago,,2015,Trinidad and Tobago
Trinidad&Tobago,Trinidad and Tobago,,2015,Trinidad and Tobago
Trinidad,Trinidad and Tobago,,2015,Trinidad and Tobago
Trinidad,Trinidad and Tobago,,2015,Trinidad and Tobago
Trinidad And Tobago,Trinidad and Tobago,,2015,Trinidad and Tobago
TRINIDAD AND TOBAGO,Trinidad and Tobago,,2015,Trinidad and Tobago
Trinidad and Tobago,Trinidad and Tobago,,2015,Trinidad and Tobago
Trinidad and Tobago,Trinidad and Tobago,,2015,Trinidad and Tobago
Trinidad &Tobago,Trinidad and Tobago,,2015,Trinidad and Tobago
Trinidad & Tobago,Trinidad and Tobago,,2015,Trinidad and Tobago
TRINIDAD & TOBAGO,Trinidad and Tobago,,2015,Trinidad and Tobago
TRINIDAD & TOBAGO,Trinidad and Tobago,,2015,Trinidad and Tobago
Trinidad & Tobago,Trinidad and Tobago,,2015,Trinidad and Tobago
Trinidad and Tobago,Trinidad and Tobago,,2015,Trinidad and Tobago
TUNISIA,Tunisia,,2015,Tunisia
tunisia,Tunisia,,2015,Tunisia
Tunisa,Tunisia,,2015,Tunisia
Tunisia,Tunisia,,2015,Tunisia
Turkey,Turkey/Ottoman Empire,,2015,Turkey/Ottoman Empire
Turkey,Turkey/Ottoman Empire,,2015,Turkey/Ottoman Empire
turkey,Turkey/Ottoman Empire,,2015,Turkey/Ottoman Empire
TURKEY,Turkey/Ottoman Empire,,2015,Turkey/Ottoman Empire
Tukey,Turkey/Ottoman Empire,,2015,Turkey/Ottoman Empire
Tukey,Turkey/Ottoman Empire,,2015,Turkey/Ottoman Empire
Turkey/Ottoman Empire,Turkey/Ottoman Empire,,2015,Turkey/Ottoman Empire
turkmenistan,Turkmenistan,,2015,Turkmenistan
TURKMENISTAN,Turkmenistan,,2015,Turkmenistan
Turkemenistan,Turkmenistan,,2015,Turkmenistan
Turkmenistan,Turkmenistan,,2015,Turkmenistan
Turks/Caicos Islands,Turks and Caicos Islands,,2015,Turks and Caicos Islands
Turks And Caicos Islands,Turks and Caicos Islands,,2015,Turks and Caicos Islands
Turks and Caicos Islands,Turks and Caicos Islands,,2015,Turks and Caicos Islands
Turks & Caicos Islands,Turks and Caicos Islands,,2015,Turks and Caicos Islands
Turks & Caicos Islands,Turks and Caicos Islands,,2015,Turks and Caicos Islands
TURKS & CAICOS ISLANDS,Turks and Caicos Islands,,2015,Turks and Caicos Islands
Turks & Caicos Islands,Turks and Caicos Islands,,2015,Turks and Caicos Islands
Turks and Caicos Islands,Turks and Caicos Islands,,2015,Turks and Caicos Islands
TUVALU,Tuvalu,,2015,Tuvalu
Tuvalu,Tuvalu,,2015,Tuvalu
UGANDA,Uganda,,2015,Uganda
uganda,Uganda,,2015,Uganda
Uganda,Uganda,,2015,Uganda
UKRAINE,Ukraine,,2015,Ukraine
ukraine,Ukraine,,2015,Ukraine
Ukraine,Ukraine,,2015,Ukraine
UNITED ARAB EMIRATES,United Arab Emirates,,2015,United Arab Emirates
United Arab Emir.,United Arab Emirates,,2015,United Arab Emirates
UNITED ARAB E.,United Arab Emirates,,2015,United Arab Emirates
United Arab E.,United Arab Emirates,,2015,United Arab Emirates
Uae,United Arab Emirates,,2015,United Arab Emirates
UAE,United Arab Emirates,,2015,United Arab Emirates
United Arab Emirates,United Arab Emirates,,2015,United Arab Emirates
Uk,United Kingdom,,2015,United Kingdom
UNITED KINGDOM,United Kingdom,,2015,United Kingdom
United Kingdom of Great Britain and Northern Ireland,United Kingdom,,2015,United Kingdom
U.K.,United Kingdom,,2015,United Kingdom
Great Britain,United Kingdom,,2015,United Kingdom
United Kingdom,United Kingdom,,2015,United Kingdom
united states,United States of America,,2015,United States of America
usa,United States of America,,2015,United States of America
Usa,United States of America,,2015,United States of America
Us,United States of America,,2015,United States of America
United States,United States of America,,2015,United States of America
UNITED STATES,United States of America,,2015,United States of America
United States Of America,United States of America,,2015,United States of America
United States of America,United States of America,,2015,United States of America
U.S.A.,United States of America,,2015,United States of America
United States of America,United States of America,,2015,United States of America
URUGUAY,Uruguay,,2015,Uruguay
Uruguay,Uruguay,,2015,Uruguay
UZBEKISTAN,Uzbekistan,,2015,Uzbekistan
uzbekistan,Uzbekistan,,2015,Uzbekistan
Uzbekistan,Uzbekistan,,2015,Uzbekistan
Vanutatu,Vanuatu,,2015,Vanuatu
VANUATU,Vanuatu,,2015,Vanuatu
Vanuatu,Vanuatu,,2015,Vanuatu
Vatican City,Vatican City,,2015,Vatican City
"Venezuela, Rb",Venezuela,,2015,Venezuela
"Venezuela, RB",Venezuela,,2015,Venezuela
VENEZUELA,Venezuela,,2015,Venezuela
venezuela,Venezuela,,2015,Venezuela
Venezuela Rep?blica Bolivariana de,Venezuela,,2015,Venezuela
Venezuela Rep?blica Bolivariana de,Venezuela,,2015,Venezuela
Venezuela (Bolivarian Republic Of),Venezuela,,2015,Venezuela
Venezuela,Venezuela,,2015,Venezuela
"Vietnam, North","Vietnam, Democratic Republic of",1975,1976,Vietnam
"Vietnam, N.","Vietnam, Democratic Republic of",1975,1976,Vietnam
Vietnam North,"Vietnam, Democratic Republic of",1975,1976,Vietnam
Viet Nam,"Vietnam, Democratic Republic of",1975,1976,Vietnam
Democratic Republic Of Vietnam,"Vietnam, Democratic Republic of",1975,1976,Vietnam
"Vietnam, Democratic Republic Of","Vietnam, Democratic Republic of",1975,1976,Vietnam
VIETNAM,"Vietnam, Democratic Republic of",1975,1976,Vietnam
vietnam,"Vietnam, Democratic Republic of",1975,1976,Vietnam
Viet nam,"Vietnam, Democratic Republic of",1975,1976,Vietnam
VIET NAM,"Vietnam, Democratic Republic of",1975,1976,Vietnam
Vietnam,"Vietnam, Democratic Republic of",1975,1976,Vietnam
"Vietnam, Democratic Republic of","Vietnam, Democratic Republic of",1975,1976,Vietnam
"Vietnam, Republic of","Vietnam, Republic of",,2015,"Vietnam, Republic of"
"Vietnam, South","Vietnam, Republic of",,2015,"Vietnam, Republic of"
"Vietnam, S.","Vietnam, Republic of",,2015,"Vietnam, Republic of"
"Vietnam, Republic Of","Vietnam, Republic of",,2015,"Vietnam, Republic of"
Vietnam South,"Vietnam, Republic of",,2015,"Vietnam, Republic of"
South Vietnam,"Vietnam, Republic of",,2015,"Vietnam, Republic of"
Republic Of Vietnam,"Vietnam, Republic of",,2015,"Vietnam, Republic of"
"Vietnam, Republic of","Vietnam, Republic of",,2015,"Vietnam, Republic of"
Virginislands,Virgin Islands,,2015,Virgin Islands
VIRGIN ISLANDS,Virgin Islands,,2015,Virgin Islands
Virgin Islands (Usa),Virgin Islands,,2015,Virgin Islands
Virgin Islands (U.S.),Virgin Islands,,2015,Virgin Islands
US VIRGIN ISLANDS,Virgin Islands,,2015,Virgin Islands
United States Virgin Islands,Virgin Islands,,2015,Virgin Islands
Virgin Islands,Virgin Islands,,2015,Virgin Islands
Wallis-Futuna,Wallis and Futuna,,2015,Wallis and Futuna
Wallis And Futuna,Wallis and Futuna,,2015,Wallis and Futuna
Wallis and Futuna Islands,Wallis and Futuna,,2015,Wallis and Futuna
Wallis and Futuna Is.,Wallis and Futuna,,2015,Wallis and Futuna
Wallis & Futuna,Wallis and Futuna,,2015,Wallis and Futuna
WALLIS & FUTUNA,Wallis and Futuna,,2015,Wallis and Futuna
WALLIS & FUTUNA,Wallis and Futuna,,2015,Wallis and Futuna
Wallis & Futuna,Wallis and Futuna,,2015,Wallis and Futuna
Wallis and Futuna,Wallis and Futuna,,2015,Wallis and Futuna
"Yemen, Republic of",,"Yemen, Republic of",2015,"Yemen, Republic of"
Yemen (Ar),Yemen (Arab Republic of Yemen),1989,1990,"Yemen, Republic of"
"Yemen,(Arab Republic of Yemen)",Yemen (Arab Republic of Yemen),1989,1990,"Yemen, Republic of"
"Yemen,(Arab Republic Of Yemen)",Yemen (Arab Republic of Yemen),1989,1990,"Yemen, Republic of"
Yemen (Ar),Yemen (Arab Republic of Yemen),1989,1990,"Yemen, Republic of"
"Yemen,(Arab Republic of Yemen)",Yemen (Arab Republic of Yemen),1989,1990,"Yemen, Republic of"
"Yemen,(Arab Republic Of Yemen)",Yemen (Arab Republic of Yemen),1989,1990,"Yemen, Republic of"
"Yemen, Rep.",Yemen (Arab Republic of Yemen),1989,1990,"Yemen, Republic of"
"Yemen, North",Yemen (Arab Republic of Yemen),1989,1990,"Yemen, Republic of"
"Yemen, N.",Yemen (Arab Republic of Yemen),1989,1990,"Yemen, Republic of"
"Yemen, Arab Rep.",Yemen (Arab Republic of Yemen),1989,1990,"Yemen, Republic of"
Yemen North,Yemen (Arab Republic of Yemen),1989,1990,"Yemen, Republic of"
Yemen Arab Republic,Yemen (Arab Republic of Yemen),1989,1990,"Yemen, Republic of"
"Yemen Arab Republic (North, Sana)",Yemen (Arab Republic of Yemen),1989,1990,"Yemen, Republic of"
Yemen Arab Republic (North Yemen),Yemen (Arab Republic of Yemen),1989,1990,"Yemen, Republic of"
Yemen (North),Yemen (Arab Republic of Yemen),1989,1990,"Yemen, Republic of"
Yemen (Arabl Republic Of Yemen),Yemen (Arab Republic of Yemen),1989,1990,"Yemen, Republic of"
Yemen (Arab Republic Of Yemen),Yemen (Arab Republic of Yemen),1989,1990,"Yemen, Republic of"
North Yemen,Yemen (Arab Republic of Yemen),1989,1990,"Yemen, Republic of"
NORTH YEMEN,Yemen (Arab Republic of Yemen),1989,1990,"Yemen, Republic of"
North Yemen,Yemen (Arab Republic of Yemen),1989,1990,"Yemen, Republic of"
Yemen (Arab Republic of Yemen),Yemen (Arab Republic of Yemen),1989,1990,"Yemen, Republic of"
Yemen (Pdr),"Yemen, People's Republic of",1989,1990,"Yemen, Republic of"
"Yemen, South","Yemen, People's Republic of",,2015,"Yemen, People's Republic of"
"Yemen, S.","Yemen, People's Republic of",,2015,"Yemen, People's Republic of"
"Yemen, People's Republic Of","Yemen, People's Republic of",,2015,"Yemen, People's Republic of"
"Yemen, People'S Republic Of","Yemen, People's Republic of",,2015,"Yemen, People's Republic of"
"Yemen, Dem.","Yemen, People's Republic of",,2015,"Yemen, People's Republic of"
"YEMEN, DEM.","Yemen, People's Republic of",,2015,"Yemen, People's Republic of"
"YEMEN, DEM.                                                                ","Yemen, People's Republic of",,2015,"Yemen, People's Republic of"
"Yemen, Dem.                                                                ","Yemen, People's Republic of",,2015,"Yemen, People's Republic of"
"Yemen, Dem","Yemen, People's Republic of",,2015,"Yemen, People's Republic of"
Yemen South,"Yemen, People's Republic of",,2015,"Yemen, People's Republic of"
Yemen People's Republic,"Yemen, People's Republic of",,2015,"Yemen, People's Republic of"
Yemen PDR.,"Yemen, People's Republic of",,2015,"Yemen, People's Republic of"
Yemen PDR,"Yemen, People's Republic of",,2015,"Yemen, People's Republic of"
Yemen PDR,"Yemen, People's Republic of",,2015,"Yemen, People's Republic of"
"Yemen Pdr (South, Aden)","Yemen, People's Republic of",,2015,"Yemen, People's Republic of"
Yemen P.D.R.,"Yemen, People's Republic of",,2015,"Yemen, People's Republic of"
Yemen Dem.,"Yemen, People's Republic of",,2015,"Yemen, People's Republic of"
Yemen Dem,"Yemen, People's Republic of",,2015,"Yemen, People's Republic of"
South Yemen,"Yemen, People's Republic of",,2015,"Yemen, People's Republic of"
SOUTH YEMEN,"Yemen, People's Republic of",,2015,"Yemen, People's Republic of"
South Yemen,"Yemen, People's Republic of",,2015,"Yemen, People's Republic of"
People'S Republic Of Yemen,"Yemen, People's Republic of",,2015,"Yemen, People's Republic of"
Democratic Yemen,"Yemen, People's Republic of",,2015,"Yemen, People's Republic of"
"Yemen, People's Republic of","Yemen, People's Republic of",,2015,"Yemen, People's Republic of"
Yugoslavia2,Yugoslavia (Serbia),,2015,Yugoslavia (Serbia)
Yugoslavia†,Yugoslavia (Serbia),,2015,Yugoslavia (Serbia)
"Yugoslavia, Fr (Serbia/Montenegro)",Yugoslavia (Serbia),,2015,Yugoslavia (Serbia)
"Yugoslavia, Former",Yugoslavia (Serbia),,2015,Yugoslavia (Serbia)
"Yugoslavia, Fed. Rep.",Yugoslavia (Serbia),,2015,Yugoslavia (Serbia)
"Yugoslavia, Fed Rep",Yugoslavia (Serbia),,2015,Yugoslavia (Serbia)
Yugoslavia,Yugoslavia (Serbia),,2015,Yugoslavia (Serbia)
YUGOSLAVIA,Yugoslavia (Serbia),,2015,Yugoslavia (Serbia)
Yugoslavia Sfr.,Yugoslavia (Serbia),,2015,Yugoslavia (Serbia)
Yugoslavia Sfr,Yugoslavia (Serbia),,2015,Yugoslavia (Serbia)
Yugoslavia S.f.r.,Yugoslavia (Serbia),,2015,Yugoslavia (Serbia)
Yugoslavia post,Yugoslavia (Serbia),,2015,Yugoslavia (Serbia)
Yugoslavia Post,Yugoslavia (Serbia),,2015,Yugoslavia (Serbia)
Yugoslavia Fed. Rep. Of,Yugoslavia (Serbia),,2015,Yugoslavia (Serbia)
Yugoslavia Fed. Rep. of,Yugoslavia (Serbia),,2015,Yugoslavia (Serbia)
Yugoslavia Fed Rep Of,Yugoslavia (Serbia),,2015,Yugoslavia (Serbia)
Yugoslavia (Serbia Minus Kosovo),Yugoslavia (Serbia),,2015,Yugoslavia (Serbia)
Yugoslavia (Serbia & Montenegro),Yugoslavia (Serbia),,2015,Yugoslavia (Serbia)
Yugoslavia (Serbia & Kosovo),Yugoslavia (Serbia),,2015,Yugoslavia (Serbia)
Yugoslavia (Former),Yugoslavia (Serbia),,2015,Yugoslavia (Serbia)
Yogoslavia,Yugoslavia (Serbia),,2015,Yugoslavia (Serbia)
Yogoslavia,Yugoslavia (Serbia),,2015,Yugoslavia (Serbia)
Sts Ex-Yugoslavia Unsp.,Yugoslavia (Serbia),,2015,Yugoslavia (Serbia)
STS EX-YUGOSLAVIA UNSP.,Yugoslavia (Serbia),,2015,Yugoslavia (Serbia)
Serbiamontenegro,Yugoslavia (Serbia),,2015,Yugoslavia (Serbia)
Serbia,Yugoslavia (Serbia),,2015,Yugoslavia (Serbia)
Serbia Montenegro,Yugoslavia (Serbia),,2015,Yugoslavia (Serbia)
"Serbia And Montenegro, Former",Yugoslavia (Serbia),,2015,Yugoslavia (Serbia)
Serbia And Montenegro,Yugoslavia (Serbia),,2015,Yugoslavia (Serbia)
Serbia & Montenegro,Yugoslavia (Serbia),,2015,Yugoslavia (Serbia)
SERBIA & MONTENEGRO,Yugoslavia (Serbia),,2015,Yugoslavia (Serbia)
Serbia & Montenegro,Yugoslavia (Serbia),,2015,Yugoslavia (Serbia)
Fry-Serbia And Montenegro,Yugoslavia (Serbia),,2015,Yugoslavia (Serbia)
Fry-Serbia & Montenegro,Yugoslavia (Serbia),,2015,Yugoslavia (Serbia)
FRY-SERBIA & MONTENEGRO,Yugoslavia (Serbia),,2015,Yugoslavia (Serbia)
Yugoslavia (Serbia),Yugoslavia (Serbia),,2015,Yugoslavia (Serbia)
ZAMBIA,Zambia,,2015,Zambia
zambia,Zambia,,2015,Zambia
Zambia,Zambia,,2015,Zambia
Zimbabwe,Zimbabwe (Rhodesia),,2015,Zimbabwe (Rhodesia)
ZIMBABWE,Zimbabwe (Rhodesia),,2015,Zimbabwe (Rhodesia)
zimbabwe,Zimbabwe (Rhodesia),,2015,Zimbabwe (Rhodesia)
Zimbabwe (Rhodesia),Zimbabwe (Rhodesia),,2015,Zimbabwe (Rhodesia)
Zimbabwe (Rhodesia),Zimbabwe (Rhodesia),,2015,Zimbabwe (Rhodesia)
